experiment,best_eval_reward_mean,best_eval_reward_std,total_env_steps_mean,total_env_steps_std,steps_to_475_mean,steps_to_475_std,steps_to_495_mean,steps_to_495_std
vpg,500.0,0.0,72917.33333333333,14646.492321826869,70705.66666666667,11509.907138345354,72917.33333333333,14646.492321826869
vpg_value_entropy_1e3,500.0,0.0,63664.666666666664,11671.451509273958,61544.666666666664,8768.230171096864,63664.666666666664,11671.451509273958
vpg_value,497.7,3.726929030716871,77743.33333333333,13260.700672790008,64365.666666666664,13279.538182231088,73591.5,15756.460405179838
vpg_value_entropy_1e2,494.7,4.948737212663456,79780.66666666667,21207.867793187823,67464.33333333333,11858.302970211773,55331.0,
vpg_rloo,412.9,150.8616253392492,83025.0,6980.539162557574,86508.5,4964.59671071075,86508.5,4964.59671071075
vpg_moving_avg,357.70000000000005,110.68821075435272,71014.66666666667,5665.255186956129,,,,
